faculty_id,full_name,first_name,last_name,first_last,title,department_id,college,academic_history
F00001,"Abdelmoumin, Ghada",Ghada,Abdelmoumin,Ghada Abdelmoumin,Associate Professor,D00003,College of Engineering and Computing,"MS 2008, Virginia Polytechnic Institution and State University, PhD 2023, Howard University"
F00002,"Acuna, Samuel",Samuel,Acuna,Samuel Acuna,"Assistant Director, CASBBI",D00004,College of Engineering and Computing,"BS 2012, Brigham Young University; MS 2015, PhD 2019, University of Wisconsin-Madison"
F00003,"Adamus, Sharon",Sharon,Adamus,Sharon Adamus,Professor,D00005,,"BA 1994, Rutgers University; ScM 1996, PhD 2001, Brown University; MS 2010, Drexel University"
F00004,"Agado, Omoche",Omoche,Agado,Omoche Agado,Assistant Professor,D00005,College of Engineering and Computing,"BS 2006, University of Lagos, Nigeria; MS 2013, Southern Arkansas University; MS 2022, PhD 2022, George Mason University"
F00005,"Ahmadi, Pouyan",Pouyan,Ahmadi,Pouyan Ahmadi,Associate Professor,D00005,College of Engineering and Computing,"BS 2006, Azad University; MS 2009, Iran University of Science and Technology; PhD 2015, George Mason University"
F00006,"Ahn, Ethan",Ethan,Ahn,Ethan Ahn,Associate Professor,D00002,College of Engineering and Computing,"BS 2005, MS 2007, Korea Advanced Institute of Science & Technology; PhD 2015, Stanford University"
F00007,"Akhtari, Humaira",Humaira,Akhtari,Humaira Akhtari,Instructor,D00005,College of Engineering and Computing,"BS 2006, Kabul University of Afghanistan; MCS 2010, Technical University of Berlin Germany"
F00008,"Albanese, Massimiliano",Massimiliano,Albanese,Massimiliano Albanese,Associate Professor,D00005,College of Engineering and Computing,"BS, MS 2002, Laurea; PhD 2005, University of Naples ""Federico II"""
F00009,"Alishetty, Suman",Suman,Alishetty,Suman Alishetty,Research Assistant Professor,D00004,College of Engineering and Computing,"BS 2006, University of Telangana; MS 2009, Jawaharlal Nehru Technological University, India; PhD 2018, National Tsing Hua University, China"
F00010,"Allbeck, Jan M.",Jan M.,Allbeck,Jan M. Allbeck,"Associate Dean, Honors College",,,"BS 1995, Bloomsburg University; MS 1997, PhD 2009, University of Pennsylvania"
F00011,"Alvarez, Alejandro",Alejandro,Alvarez,Alejandro Alvarez,Assistant Professor,D00005,College of Engineering and Computing,"MS 2020, James Madison University, MS 2022, PhD 2022, George Mason University"
F00012,"Amiri, Mehdi",Mehdi,Amiri,Mehdi Amiri,Assistant Professor,,College of Engineering and Computing,"BS 2006, University of Tehran; 2011 PhD, Louisiana State University"
F00013,"Amissah, Matthew",Matthew,Amissah,Matthew Amissah,Assistant Professor,D00001,College of Engineering and Computing,"BSc 2004 Kwame Nkrumah University of Science and Technology; ME 2013; PhD 2018, Old Dominion University"
F00014,"Anastasopoulos, Antonios",Antonios,Anastasopoulos,Antonios Anastasopoulos,Assistant Professor,D00003,College of Engineering and Computing,"MS 2014, National Technical University of Athens; PhD 2019, University of Notre Dame"
F00015,"Andrea, Kevin",Kevin,Andrea,Kevin Andrea,Assistant Professor,D00003,College of Engineering and Computing,"BS 2012, MS 2014, George Mason University"
F00016,"Arafin, Md Tanvir",Md Tanvir,Arafin,Md Tanvir Arafin,"Assistant Professor, Cybersecurity Engineering",,College of Engineering and Computing,"BS 2011, Bangladesh University of Engineering & Technology; MS 2016, PhD 2018, University of Maryland, College Park"
F00017,"Archer, Graham",Graham,Archer,Graham Archer,"Senior Research Engineer, Rapid Prototyping Research Center",,College of Engineering and Computing,
F00018,"Ascoli, Giorgio A.",Giorgio A.,Ascoli,Giorgio A. Ascoli,University Professor,D00004,College of Engineering and Computing,"BS 1991, Scuola Normale Superiore, Italy; MS 1993, Pisa University, Italy; PhD 1996, Scuola Normale Superiore"
F00019,"Ateniese, Giuseppe",Giuseppe,Ateniese,Giuseppe Ateniese,Professor,D00003,,"MSc 1995, University of Salerno; PhD 2000, University of Genoa"
F00020,"Auerbach, Jonathan",Jonathan,Auerbach,Jonathan Auerbach,Assistant Professor,D00007,College of Engineering and Computing,"BA 2010, Cornell University; MA 2015, MPhil 2018, PhD 2020, Columbia University"
F00021,"Avramovic, Ivan",Ivan,Avramovic,Ivan Avramovic,Associate Professor,D00003,College of Engineering and Computing,"BS 1997, University of Illinois, Urbana- Champaign; MS 2012, George Mason University"
F00022,"Aydin, Hakan",Hakan,Aydin,Hakan Aydin,Professor,D00003,College of Engineering and Computing,"BS 1991, MS 1994, Istanbul Technical University; PhD 2001, University of Pittsburgh"
F00023,"Azamy, Hussna",Hussna,Azamy,Hussna Azamy,Instructor,D00005,College of Engineering and Computing,"MS 2017, George Mason University"
F00024,"Bagheri, Shaghayegh",Shaghayegh,Bagheri,Shaghayegh Bagheri,Assistant Professor,D00006,College of Engineering and Computing,"BS 2009, MS 2011, Ferdowsi University of Mashhad; PhD 2014, Ryerson University"
F00025,"Baker, Clayton",Clayton,Baker,Clayton Baker,Ultrasound Research Engineer,D00004,College of Engineering and Computing,"BS 2014, MS 2022, George Mason University"
F00026,"Baldimtsi, Foteini",Foteini,Baldimtsi,Foteini Baldimtsi,Associate Professor,D00003,College of Engineering and Computing,"BS 2008, MS 2011, PhD 2014, Brown University"
F00027,"Baldo, James",James,Baldo,James Baldo,"Associate Professor and Director, MS Data Analytics Engineering Program",,College of Engineering and Computing,
F00028,"Ball, Kenneth",Kenneth,Ball,Kenneth Ball,Dean,,College of Engineering and Computing,"BS 1982, Lehigh University; MSME 1984, PhD 1987, Drexel University; PE 1992, Texas"
F00029,"Barbara, Daniel",Daniel,Barbara,Daniel Barbara,Professor,D00003,College of Engineering and Computing,"BS 1975, Universidad Metropolitana, Caracas, Venezuela; MSE 1981, PhD 1985, Princeton University"
F00030,"Barreto, Alexandre",Alexandre,Barreto,Alexandre Barreto,"Associate Professor, Cybersecurity Engineering",,College of Engineering and Computing,"BS 1995, Academia da Forca"
F00031,"Barua, Anomadarshi",Anomadarshi,Barua,Anomadarshi Barua,"Assistant Professor, Cybersecurity Engineering",,College of Engineering and Computing,"BS 2012, Bangladesh University of Engineering and Technology; MS 2015, University of Southampton, United Kingdom; MS 2016, Norwegian University of Science and Technology; PhD 2023, University of California, Irvine"
F00032,"Bashatah, Ahmed",Ahmed,Bashatah,Ahmed Bashatah,Research Instructor,D00004,College of Engineering and Computing,"BS 2018, MS 2020, George Mason University"
F00033,"Beheshti, Ali",Ali,Beheshti,Ali Beheshti,Assistant Professor,D00006,College of Engineering and Computing,"BSc 2004, MSc 2007, Isfahan University of Technology, Esfahan, Iran; PhD 2013, Louisiana State University"
F00034,"Berg, Colleen",Colleen,Berg,Colleen Berg,Instructor,D00006,College of Engineering and Computing,"BS 1986, Lehigh University; MS 2006, Texas Tech University"
F00035,"Berry, Alok K.",Alok K.,Berry,Alok K. Berry,Associate Professor,D00002,College of Engineering and Computing,"BS 1967, MS 1969, University of Delhi; MS 1981, PhD 1985, University of Missouri"
F00036,"Bin Zaman, Ahmed",Ahmed,Bin Zaman,Ahmed Bin Zaman,Assistant Professor,D00003,College of Engineering and Computing,"BS 2012, Shahjalal University of Science and Technology; MS 2020, PhD 2021, George Mason University"
F00037,"Binning, Dave",Dave,Binning,Dave Binning,Instructor and Director of Assessment and Accreditation,D00008,College of Engineering and Computing,"BS 1962, MS 1973, University of Delaware"
F00038,"Blaemire, Valerie",Valerie,Blaemire,Valerie Blaemire,Director of Development,,College of Engineering and Computing,"BA 2013, Berklee College of Music; MA 2016, Roosevelt University"
F00039,"Boicu, Mihai",Mihai,Boicu,Mihai Boicu,"Associate Professor, Information Science and Technology",,College of Engineering and Computing,"PhD 2002, George Mason University"
F00040,"Bondok, Doaa",Doaa,Bondok,Doaa Bondok,Associate Professor,D00008,College of Engineering and Computing,"BS 2008, MS 2012, PhD 2017, University of Missouri-Columbia"
F00041,"Assistant Professor, Bioengineering",Bioengineering,Assistant Professor,Bioengineering Assistant Professor,,D00004,College of Engineering and Computing,"BS 2004, MS 2005, Clemson University; PhD 2010, University of Nevada"
F00042,"Systems Engineer, Rapid Prototyping Research Center",Rapid Prototyping Research Center,Systems Engineer,Rapid Prototyping Research Center Systems Engineer,,D00001,College of Engineering and Computing,"BS 2002, MS 2009, PhD 2020, Old Dominion University"
F00043,"Brodsky, Alexander",Alexander,Brodsky,Alexander Brodsky,Professor,D00003,College of Engineering and Computing,"BS 1982, MS 1983, PhD 1991, Hebrew University"
F00044,"Brouse, Peggy S.",Peggy S.,Brouse,Peggy S. Brouse,"Professor, Cyber Security Engineering",,College of Engineering and Computing,"BS 1978, American University; MBA 1986, Marymount University; PhD 1992, George Mason University"
F00045,"Bushong, Martha M.",Martha M.,Bushong,Martha M. Bushong,Director of Communications and External Relations,,College of Engineering and Computing,"BA 1980, University of Delaware; MS 2001, Virginia Commonwealth University"
F00046,"Carr, Christopher",Christopher,Carr,Christopher Carr,"Associate Dean & Deputy IX Coordinator, Office of Outreach, Student Success, and Engagement",,College of Engineering and Computing,"BA 2008, William Jewell College; MPP 2012, Pepperdine University"
F00047,"Cebral, Juan R.",Juan R.,Cebral,Juan R. Cebral,Professor,D00004,College of Engineering and Computing,"BS 1991, University of Buenos Aires; PhD 1996, George Mason University"
F00048,"Chang, K.C.",K.C.,Chang,K.C. Chang,Professor,D00001,College of Engineering and Computing,"BS 1979, National Chiao-Tung University; MS 1983, PhD 1986, University of Connecticut"
F00049,"Chen, Chun Hung",Chun Hung,Chen,Chun Hung Chen,Professor,D00001,College of Engineering and Computing,"BS 1987, National Chiao-Tung University; MS 1989, National Taiwan University; PhD 1994, Harvard University"
F00050,"Chen, Songqing",Songqing,Chen,Songqing Chen,Professor,D00003,College of Engineering and Computing,"BS 1997, MS 1999, Huazhong University; PhD 2004, College of William and Mary"
F00051,"Cheney, Joseph",Joseph,Cheney,Joseph Cheney,Senior Research Engineer,,College of Engineering and Computing,"MS 1984, University of Southern California"
F00052,"Chitnis, Parag V.",Parag V.,Chitnis,Parag V. Chitnis,"Associate Professor, Graduation Education, Ofice of the Provost and Associate Professor",D00004,College of Engineering and Computing,"BS 2000, West Virginia Wesleyan College; MS 2002, PhD 2007, Boston University"
F00053,"Cifti, Olcay",Olcay,Cifti,Olcay Cifti,Assistant Professor,D00005,College of Engineering and Computing,"BS 2009, Ege University, Turkey; MS 2014, PhD 2020, Auburn University"
F00054,"Clark, Nicholas",Nicholas,Clark,Nicholas Clark,"Research Assistant Professor, C4I and Cyber Center",,College of Engineering and Computing,"BS 2008, MS 2010, George Mason University"
F00055,"G., Director",Director,G.,Director G.,"C4I and Cyber Center, Professor and Interim Chair, Cyber Security Engineering",,College of Engineering and Computing,"BS 1986, Brazilian Air Force Academy; MS 1999, PhD 2005, George Mason University"
F00056,"Crews, Bonnie",Bonnie,Crews,Bonnie Crews,"Senior Director of Advancement, Office of Advancement",,College of Engineering and Computing,
F00057,"Crissman, Sherry",Sherry,Crissman,Sherry Crissman,"Senior Research Engineer, C4I and Cyber Center",,College of Engineering and Computing,"BA 1991, University of Florida; MS 1993, George Washington University; EDS 2014, Liberty University"
F00058,"Cummings, Missy",Missy,Cummings,Missy Cummings,Professor,D00006,College of Engineering and Computing,"BS 1988, United States Naval Academy; MS 1994, Naval Postgraduate School; PhD 2004, University of Virginia"
F00059,"Dannenberg, Holger",Holger,Dannenberg,Holger Dannenberg,Assistant Professor,D00004,College of Engineering and Computing,"BS, MS 2009, PhD 2015, Rheinische Friedrich-Wilhelms-Universitat Bonn"
F00060,"Das, Sanchari",Sanchari,Das,Sanchari Das,Assistant Professor,D00005,College of Engineering and Computing,"MCA 2016, Jadavpur University, Kolkata, India; MBA 2024, University of Denver; PhD 2020, Indiana University Bloomington"
F00061,"Dassanayake, Isuru",Isuru,Dassanayake,Isuru Dassanayake,Assistant Professor,D00007,College of Engineering and Computing,"BS 2016, University of Peradeniya; MS 2019, PhD 2021, Texas Tech University"
F00062,"DelVecchio, Mark",Mark,DelVecchio,Mark DelVecchio,Subcontractor and Program Research Manager,,College of Engineering and Computing,"BS, Pennsylvania State University; MS 1996, George Washington University"
F00063,"Deng, Ping",Ping,Deng,Ping Deng,Associate Professor of Computer Science,D00003,College of Engineering and Computing,"BS 2001, Sichuan University; MS 2003, PhD 2007, University of Texas at Dallas"
F00064,"Dimitriadis, Socrates",Socrates,Dimitriadis,Socrates Dimitriadis,Assistant Professor of Computer Science,D00003,College of Engineering and Computing,"BS 1999, University of Ioannina; MS 2002, PhD 2010, Brown University"
F00065,"Domeniconi, Carlotta",Carlotta,Domeniconi,Carlotta Domeniconi,Associate Professor,D00003,College of Engineering and Computing,"BASc 1992, University of Milano; MSSc 1997, International Institute for Advanced Scientific Studies, Salerno, Italy; PhD 2002, University of California, Riverside"
F00066,"Dong, Pei",Pei,Dong,Pei Dong,Associate Professor,D00006,College of Engineering and Computing,"BS 2008, Nankai University; PhD 2013, Rice University"
F00067,"Durant, Liza W.",Liza W.,Durant,Liza W. Durant,Associate Dean for Strategic Initiatives and Community Engagement and Professor,D00008,College of Engineering and Computing,"BS 1987, Cornell University; MS 1991, Stanford University; PhD 1996, The Johns Hopkins University"
F00068,"Duric, Zoran",Zoran,Duric,Zoran Duric,Associate Professor,D00003,College of Engineering and Computing,"BS 1982, MS 1986, University of Sarajevo, Bosnia and Herzegovina; PhD 1995, University of Maryland"
F00069,"El-Amine, Hadi",Hadi,El-Amine,Hadi El-Amine,Associate Professor,D00001,College of Engineering and Computing,"BE 2009, ME 2012, American University of Beirut; PhD 2016, Virginia Tech"
F00070,"Elder, Robert",Robert,Elder,Robert Elder,Research Professor,D00002,College of Engineering and Computing,"BS 1975, MS 1975, PhD 1985, University of Detroit"
F00071,"Eshete, Zelalem",Zelalem,Eshete,Zelalem Eshete,Assistant Professor,D00006,College of Engineering and Computing,"BS 1985, Addis Ababa University, Ethiopia; MS 1992, PhD 1996, University of Maryland, College Park"
F00072,"Fadahunsi, Adetokunbo",Adetokunbo,Fadahunsi,Adetokunbo Fadahunsi,Associate Professor,D00007,College of Engineering and Computing,"BS 2004, University of Ibadan, Ibadan, Nigeria; MS 2015, PhD 2016, West Virginia University"
F00073,"Feng, Tianshu",Tianshu,Feng,Tianshu Feng,Assistant Professor,D00001,College of Engineering and Computing,"BS 2015, University of Science and Technology of China; PhD 2020, University of Washington"
F00074,"Ferrari, Jair",Jair,Ferrari,Jair Ferrari,"Associate Professor, Cybersecurity Engineering",,College of Engineering and Computing,"MBA 2001, Brasilia University, Brazil; MS 2003, Naval Postgraduate School; PhD 2012, Technological Institute of Aeronautics, Brazil; PhD 2020, Concordia University"
F00075,"Foxwell, Harry J.",Harry J.,Foxwell,Harry J. Foxwell,Professor,D00005,College of Engineering and Computing,"BA 1973, Franklin & Marshall College; MS 1978, Villanova University; PhD 2003, George Mason University"
F00076,"Gail, Therrien",Therrien,Gail,Therrien Gail,Professor of Practice,D00005,College of Engineering and Computing,"MS 1989, Southern New Hampshire University; MS 2018, Marymount University"
F00077,"Gaj, Krzysztof",Krzysztof,Gaj,Krzysztof Gaj,Professor,D00002,College of Engineering and Computing,"MS 1988, PhD 1992, Warsaw University of Technology"
F00078,"Gambhir, Sapna",Sapna,Gambhir,Sapna Gambhir,Associate Professor,D00003,College of Engineering and Computing,"BS 2001, Kurukshetra University, Kurukshetra, India; MT 2004, Guru Gobind Singh Indraprastha University (GGSIPU), Delhi, India; PhD 2010, Jamia Millia Islamia, Delhi, India"
F00079,"Ganesan, Rajesh",Rajesh,Ganesan,Rajesh Ganesan,Associate Professor,D00001,College of Engineering and Computing,"BS 1996, National Institute of Technology, India; MS 2002, MA, PhD 2005, University of South Florida"
F00080,"Gang, Isaac",Isaac,Gang,Isaac Gang,"Associate Professor, Data Analytics Engineering",,College of Engineering and Computing,"BS 2004, MS 2008, PhD 2010, The University of Southern Mississippi"
F00081,"Garrison, Daniel J.",Daniel J.,Garrison,Daniel J. Garrison,Director of Distance Education and Assistant Professor,D00005,College of Engineering and Computing,"BS 1996, Liberty University; MFA 1999, Rochester Institute of Technology"
F00082,"Gbadamosi, Aminat",Aminat,Gbadamosi,Aminat Gbadamosi,Assistant Professor,D00007,College of Engineering and Computing,"MS 2022, PhD 2024, Central Michigan University"
F00083,"Gebril, Mohamed",Mohamed,Gebril,Mohamed Gebril,"Associate Professor, Cyber Security Engineering",,College of Engineering and Computing,"BS 2000, Alexandria University, Egypt; MS 2011, PhD 2011, North Carolina Agricultural and Technical State University"
F00084,"Giangregorio, Desiree",Desiree,Giangregorio,Desiree Giangregorio,"Research Engineer - Operations Planner, Rapid Prototyping Research Center",,College of Engineering and Computing,"BA 2009, Pennsylvania State University"
F00085,"Gingold, Yotam I.",Yotam I.,Gingold,Yotam I. Gingold,Associate Professor,D00003,College of Engineering and Computing,"BS 2002, Brown University; MS 2005, PhD 2009, New York University"
F00086,"Girgis, Michael",Michael,Girgis,Michael Girgis,Research Assistant Professor,D00004,College of Engineering and Computing,"BS 2004, Helwan University, Egypt; MS 2013, PhD 2016, George Mason University"
F00087,"Giscard, Archange",Archange,Giscard,Archange Giscard,Instructor,D00003,College of Engineering and Computing,"MS 2020, PhD 2025, George Mason University"
F00088,"Glass, Elizabeth",Elizabeth,Glass,Elizabeth Glass,"Associate Director of Development, Office of Advancement",,College of Engineering and Computing,"BS 2014, Middle Tennessee State University; MA 2019, George Mason University"
F00089,"Goldman, Jonathan",Jonathan,Goldman,Jonathan Goldman,Director of Computing Resources,,College of Engineering and Computing,"BA 2001, Marymount University; MBA 2005, Virginia Polytechnic Institute and State University"
F00090,"Gonzalez Duenas, Catalina del Pilar",Catalina del Pilar,Gonzalez Duenas,Catalina del Pilar Gonzalez Duenas,Assistant Professor,D00008,College of Engineering and Computing,"BS 2016, MS 2018, Universidad de los Andes, Colombia; PhD 2022, Rice University"
F00091,"Gonzalez Samudio, David Ignacio",David Ignacio,Gonzalez Samudio,David Ignacio Gonzalez Samudio,Assistant Professor,D00003,College of Engineering and Computing,"BS 2006, Universidad del Norte, Columbia; MS 2014, George Mason University"
F00092,"Goodwin-Slater, Kimberly",Kimberly,Goodwin-Slater,Kimberly Goodwin-Slater,Chief Business Officer,,College of Engineering and Computing,"MS 2001, George Mason University"
F00093,"Gopalkrishna, Sara",Sara,Gopalkrishna,Sara Gopalkrishna,Assistant Professor,D00003,College of Engineering and Computing,"BA 1991, Binghamton University; MAT 1992, Columbia University; MS 1999, Portland State University; PhD 2020, George Mason University"
F00094,"Gordon, Samuel D.",Samuel D.,Gordon,Samuel D. Gordon,Associate Professor,D00003,College of Engineering and Computing,"BA 2003, Columbia University; MS 2008, PhD 2010, University of Maryland"
F00095,"Guo, Xiaonan",Xiaonan,Guo,Xiaonan Guo,Assistant Professor,D00005,College of Engineering and Computing,"BS 2008, Xi'an Jiaotong University, China; MS 2010, PhD 2013, Hong Kong University of Science and Technology"
F00096,"Han, Bo",Bo,Han,Bo Han,Associate Professor,D00003,College of Engineering and Computing,"BE 2000, Tsinghua University; M.Phil 2006, City University of Hong Kong; PhD 2012, University of Maryland"
F00097,"Hashem, Sherif",Sherif,Hashem,Sherif Hashem,Professor,D00005,College of Engineering and Computing,"BS 1985, MS 1988, Cairo University; PhD 1993, Purdue University"
F00098,"Hashemi, Mahdi",Mahdi,Hashemi,Mahdi Hashemi,Associate Professor,D00005,College of Engineering and Computing,"BS 2009, University of Tabriz; MS 2011, Toosi University of Technology; PhD 2017, University of Pittsburgh"
F00099,"Hashmi, Irina",Irina,Hashmi,Irina Hashmi,Associate Professor,D00005,College of Engineering and Computing,"BS 2007, MS 2009, University of Dhaka; MS 2013, PhD 2015, George Mason University"
F00100,"Hassan, Hoda",Hoda,Hassan,Hoda Hassan,Associate Professor,D00005,College of Engineering and Computing,"BS 1992, MS 2005, The American University in Cairo, Egypt; PhD 2010, Virginia Polytechnic Institute and State University"
F00101,"Hayes, Monson H.",Monson H.,Hayes,Monson H. Hayes,Professor,D00002,College of Engineering and Computing,"BA 1971, University of California, Berkeley; S. M., E.E., 1978, Sc.D. 1981, Massachusetts Institute of Technology"
F00102,"Hieb, Michael",Michael,Hieb,Michael Hieb,"Research Associate Professor, Center of Excellence in Command, Control, Communications, Computing, Intelligence and Cyber",,College of Engineering and Computing,"PhD 1996, George Mason University"
F00103,"Hoemann, Caroline",Caroline,Hoemann,Caroline Hoemann,Professor,D00004,College of Engineering and Computing,"BA 1983, University of California at San Diego; MSc 1998, PhD 1992, Massachusetts Institute of Technology"
F00104,"Holland, Michael",Michael,Holland,Michael Holland,Instructor,D00007,College of Engineering and Computing,"MS 2018, George Mason University"
F00105,"Honablue, Asia",Asia,Honablue,Asia Honablue,"Subcontracts Administrator, Rapid Prototyping Research Center",,College of Engineering and Computing,"BS 2015, St"
F00106,"Hong, Ray",Ray,Hong,Ray Hong,Assistant Professor,D00005,College of Engineering and Computing,"B.Eng. 2005, Ajou University, Korea; MS 2007, Yonsei University, Korea; PhD 2018, University of Washington, Seattle"
F00107,"Hossain, Moinul",Moinul,Hossain,Moinul Hossain,"Assistant Professor, Cybersecurity Engineering",,College of Engineering and Computing,"BS 2011, Khulna University of Engineering and Technology, Bangladesh; PhD 2020, University of North Carolina at Charlotte"
F00108,"Houser, Jason",Jason,Houser,Jason Houser,"Director of Operations, Rapid Prototyping Research Center",,College of Engineering and Computing,"BA 2002, University of Tennessee; MPP 2008, George Mason University"
F00109,"Hrolenok, Brian",Brian,Hrolenok,Brian Hrolenok,Assistant Professor,D00003,College of Engineering and Computing,"BS 2006, MS 2008, George Mason University; PhD, Georgia Institute of Technology"
F00110,"Hu, Inchi",Inchi,Hu,Inchi Hu,Professor,D00007,College of Engineering and Computing,"BS 1977, National Taiwan University; MS 1979, National Tsing-Hua University; PhD 1986, Stanford University"
F00111,"Huang, Liling",Liling,Huang,Liling Huang,Associate Professor,D00002,College of Engineering and Computing,"BS 1995, National Taiwan University of Science and Technology; MS 1997, National Chung Cheng University; PhD 2003, Virginia Polytechnic Institute and State University"
F00112,"Hunter, Brett",Brett,Hunter,Brett Hunter,Associate Professor,D00007,College of Engineering and Computing,"BA 2008, Messiah College; MS 2010, PhD 2016, Colorado State University"
F00113,"Igbax, Saanyol",Saanyol,Igbax,Saanyol Igbax,Assistant Professor,D00006,College of Engineering and Computing,"MEng 2015, Federal University of Technology Minna, Niger State; PhD 2023, Tennessee Technological University"
F00114,"Ioannou, D.E.",D.E.,Ioannou,D.E. Ioannou,Professor,D00002,College of Engineering and Computing,"BS 1974, University of Thessaloniki; MS 1975, PhD 1978, University of Manchester"
F00115,"Islam, Khondkar",Khondkar,Islam,Khondkar Islam,Associate Chair for Undergraduate Studies and Term Associate Professor,D00005,College of Engineering and Computing,"BS 1988, George Mason University; MS 1992, American University; PhD 2013, George Mason University"
F00116,"Ismail, Suddaf",Suddaf,Ismail,Suddaf Ismail,"Director, Graduate Admissions and Recruitment",,College of Engineering and Computing,"BS 2003, MEd 2011, George Mason University"
F00117,"Itani, Wassim",Wassim,Itani,Wassim Itani,Associate Professor,D00003,College of Engineering and Computing,"BE 2001, Beirut Arab University; MS 2003, PhD 2012, American University of Beirut; PhD 2009, Purdue University"
F00118,"Izmirli, Ilhan",Ilhan,Izmirli,Ilhan Izmirli,Associate Professor,D00007,College of Engineering and Computing,"BS 1974, Bosphorus University; MS 1979, University of Istanbul; PhD 2008, American University"
F00119,"Jabbari, Bijan",Bijan,Jabbari,Bijan Jabbari,Professor,D00002,College of Engineering and Computing,"BSEE 1974, Arya-Mehr University; MSEE 1977, MS 1979, PhD 1981, Stanford University"
F00120,"Jajodia, Sushil",Sushil,Jajodia,Sushil Jajodia,"University Professor, Ofice of the Dean",,College of Engineering and Computing,"BA 1969, MS 1971, Southern Illinois University; PhD 1977, University of Oregon"
F00121,"Ji, Ran",Ran,Ji,Ran Ji,"Assistant Professor, Department of System Engineering and Operations Research",,College of Engineering and Computing,"BE 2006, China Agricultural University; MS 2012, PhD 2016, George Washington University"
F00122,"Ji, Wenying",Wenying,Ji,Wenying Ji,Assistant Professor,D00008,College of Engineering and Computing,"BS 2010, MS 2011, Texas A & M University; PhD 2018, University of Alberta"
F00123,"Jiang, Weiwen",Weiwen,Jiang,Weiwen Jiang,Assistant Professor,D00002,College of Engineering and Computing,"BCS 2012, Nanjing Agriculture University; PhD 2019, Chongqing University/University of Pittsburgh"
F00124,"Johnson, Brittany",Brittany,Johnson,Brittany Johnson,Assistant Professor,D00003,College of Engineering and Computing,"BA 2011, College of Charleston; PhD 2017, North Carolina State University"
F00125,"Johri, Aditya",Aditya,Johri,Aditya Johri,Professor,D00005,College of Engineering and Computing,"BS 1998, Delhi College of Engineering, India; MS 2002, Georgia Institute of Technology; PhD 2007, Stanford University"
F00126,"Jones, James (Jim)",James (Jim),Jones,James (Jim) Jones,Associate Professor,D00002,College of Engineering and Computing,"BA 1989, Georgia Tech; MS 1995, Clemson University, PhD 2008, George Mason University"
F00127,"Jones, Rochelle R.",Rochelle R.,Jones,Rochelle R. Jones,Professor,D00001,College of Engineering and Computing,"BS 1999, MS 2002, George Mason University; PhD 2009, University of Central Florida"
F00128,"Kabir, Kazi Lutful",Kazi Lutful,Kabir,Kazi Lutful Kabir,Assistant Professor,D00005,College of Engineering and Computing,"BS 2014, Military Institute of Science and Technology, Dhaka, Bangladesh; MS 2019, PhD 2022, George Mason University"
F00129,"Kahl, Nathan",Nathan,Kahl,Nathan Kahl,Director of Communications,,College of Engineering and Computing,"BS 1997, Clarion University of Pennsylvania; MPA 2003, University of Maryland, College Park"
F00130,"Kamal, Tariq",Tariq,Kamal,Tariq Kamal,Assistant Professor,D00005,College of Engineering and Computing,"MS 2010, George Washington University, PhD 2015, Virginia Polytechnic Institute and State University"
F00131,"Kamberi, Shahnaz",Shahnaz,Kamberi,Shahnaz Kamberi,Associate Professor,D00003,College of Engineering and Computing,"BS 2005, George Mason University; MS 2006, Bournemouth University; PhD 2015, Colorado Technical University"
F00132,"Kamranfar, Parastoo",Parastoo,Kamranfar,Parastoo Kamranfar,Assistant Professor,D00003,College of Engineering and Computing,"BS 2008, Azad University South Tehran Branch, Tehran, Iran; MS 2012, University of Tehran and Azad University, Sciences and Research Branch, Tehran, Iran; PhD 2023, George Mason University"
F00133,"Kang, Pilgyu",Pilgyu,Kang,Pilgyu Kang,Assistant Professor,D00006,College of Engineering and Computing,"BS 2007, Seoul National University; MS 2009, Carnegie Mellon University; PhD 2014, Cornell University"
F00134,"Kaps, Jens-Peter",Jens-Peter,Kaps,Jens-Peter Kaps,Associate Professor,D00002,College of Engineering and Computing,"Ing 1996, Munich University of Applied Sciences; MS 1998, PhD 2006, Worcester Polytechnic Institute"
F00135,"Kathir, Nathan",Nathan,Kathir,Nathan Kathir,Professor,D00006,College of Engineering and Computing,"BS 1974, University of Ceylon; MEngrg 1976, Asian Institute of Technology; MS 1979, North Dakota State; PhD 1991, Texas A&M"
F00136,"Khasawneh, Khaled",Khaled,Khasawneh,Khaled Khasawneh,Assistant Professor,D00002,College of Engineering and Computing,"BS 2012, Jordan University of Science and Technology; MS 2014, Binghamton University; PhD 2019, University of California, Riverside"
F00137,"Kinney, Robert",Robert,Kinney,Robert Kinney,Director Rapid Prototyping and Experimentation,,College of Engineering and Computing,
F00138,"Kongmunvattana, Angkul",Angkul,Kongmunvattana,Angkul Kongmunvattana,Professor,D00003,College of Engineering and Computing,"MS 1997, PhD 1999, University of Louisiana at Lafayette"
F00139,"Kornaropoulos, Evgenios",Evgenios,Kornaropoulos,Evgenios Kornaropoulos,Assistant Professor,D00003,College of Engineering and Computing,"BS 2009, MS 2012, University of Crete; MS 2014, PhD 2019, Brown University"
F00140,"Kosecka, Jana",Jana,Kosecka,Jana Kosecka,Professor,D00003,College of Engineering and Computing,"MSE, EECS 1988, Slovak Technical University, Bratislava, Slovakia; PhD 1996, University of Pennsylvania"
F00141,"Kosoglu, Laura",Laura,Kosoglu,Laura Kosoglu,Associate Department Chair and Professor,D00008,College of Engineering and Computing,"BS 2005, MS 2007, Lehigh University; PhD 2011, Virginia Polytechnic and State University"
F00142,"Kurtay, Pelin",Pelin,Kurtay,Pelin Kurtay,A,D00001,College of Engineering and Computing,"BS 1994, MS 1997, Ankara University; PhD 2005 George Mason University"
F00143,"Lam, Wing",Wing,Lam,Wing Lam,Assistant Professor,D00003,College of Engineering and Computing,"BS 2013, University of Washington; PhD 2021, University of Illinois at Urbana-Champaign"
F00144,"Lattanzi, David A.",David A.,Lattanzi,David A. Lattanzi,Associate Professor,D00008,College of Engineering and Computing,"BS 2003, MS 2005, Tufts University; MS 2013, PhD 2013, University of Washington"
F00145,"LaToza, Thomas D.",Thomas D.,LaToza,Thomas D. LaToza,Associate Professor,D00003,College of Engineering and Computing,"BS 2004, BS 2004, University of Illinois; PhD 2012, Carnegie Mellon University"
F00146,"Lee, Ben",Ben,Lee,Ben Lee,Assistant Professor,D00007,College of Engineering and Computing,"BA 2008, Johns Hopkins University; MA 2015, Columbia University; PhD 2020, The Pennsylvania State University"
F00147,"Lee, Myeong",Myeong,Lee,Myeong Lee,Assistant Professor,D00005,College of Engineering and Computing,"BS 2009, MS 2011, Seoul National University; PhD 2019, University of Maryland, College Park"
F00148,"Lemonnier, David",David,Lemonnier,David Lemonnier,Research Assistant Professor,D00004,College of Engineering and Computing,"MS 2013, Nantes University, France; PhD 2018, Ecole de Technologie Superieure, Canada"
F00149,"Li, Fei",Fei,Li,Fei Li,Associate Professor,D00003,College of Engineering and Computing,"BSc 1997, Jilin University; MS 2002, PhD 2007, Columbia University"
F00150,"Liao, Duoduo",Duoduo,Liao,Duoduo Liao,Associate Professor,D00005,College of Engineering and Computing,
F00151,"Lin, Jessica H.",Jessica H.,Lin,Jessica H. Lin,Associate Professor,D00003,College of Engineering and Computing,"BS 1999, MS 2002, PhD 2005, University of California, Riverside"
F00152,"Liu, Mingrui",Mingrui,Liu,Mingrui Liu,Assistant Professor,D00003,College of Engineering and Computing,"BS 2013, Shanghai University; MS 2016, Shanghai Jiao Tong University; DP 2020, The University of Iowa"
F00153,"Lorie, Craig A",Craig A,Lorie,Craig A Lorie,Associate Professor,D00002,College of Engineering and Computing,"BS 1990, Hofstra University; MS 1993, PhD 2005, University of Virginia"
F00154,"Lu, Zhicong",Zhicong,Lu,Zhicong Lu,Assistant Professor,D00003,College of Engineering and Computing,"MS 2017, PhD 2020, University of Toronto, Toronto, Canada"
F00155,"Luke, Sean",Sean,Luke,Sean Luke,Professor,D00003,College of Engineering and Computing,"BS 1993, Brigham Young University; PhD 2000, University of Maryland"
F00156,"Luo, Juan (Judy)",Juan (Judy),Luo,Juan (Judy) Luo,Associate Professor,D00003,College of Engineering and Computing,"MS 2003, University of Nebraska; PhD 2012, George Mason University"
F00157,"Luo, Lannan",Lannan,Luo,Lannan Luo,Associate Professor,D00003,College of Engineering and Computing,"BS 2009, Xidian University, China; MS 2012, University of Electronic Science and Technology of China; PhD 2017, Penn State University"
F00158,"Luo, Songjun",Songjun,Luo,Songjun Luo,Associate Professor,D00001,College of Engineering and Computing,"BS 1984, Guangxi University, China; MBA 1990, University of Northern Iowa; PhD 1994, The University of Texas at Austin"
F00159,"Lybarger, Kevin",Kevin,Lybarger,Kevin Lybarger,Assistant Professor,D00005,College of Engineering and Computing,"BS 2003, Seattle University; MS 2007, University of Colorado, Boulder; PhD 2020, University of Washington"
F00160,"Lyons, Michael",Michael,Lyons,Michael Lyons,Instructor,D00005,College of Engineering and Computing,
F00161,"MacDonough, Charles",Charles,MacDonough,Charles MacDonough,"Research Engineer, Rapid Prototyping Research Center",,College of Engineering and Computing,"AS-IEE 1982, Lamar University"
F00162,"Maddox, Tamara A.",Tamara A.,Maddox,Tamara A. Maddox,Professor,D00003,College of Engineering and Computing,"BS 1987, George Mason University; JD 1991, College of William and Mary"
F00163,"Maggioni, Viviana",Viviana,Maggioni,Viviana Maggioni,Associate Professor,D00008,College of Engineering and Computing,"BS 2003, MS 2006, Politecnico di Milano, Italy; PhD 2013, University of Connecticut"
F00164,"Marasco, Emanuela",Emanuela,Marasco,Emanuela Marasco,Assistant Professor,D00005,College of Engineering and Computing,"BA, MS 2006, PhD 2007, University of Naples Federico II (Italy)"
F00165,"Marcus, Andrian",Andrian,Marcus,Andrian Marcus,Professor,D00003,College of Engineering and Computing,"BS 1995, MA 1996, Babe\-Bolyai University, Romania; MS 2000, University of Memphis; PhD 2003, Kent State University"
F00166,"Mark, Brian L.",Brian L.,Mark,Brian L. Mark,Professor,D00002,College of Engineering and Computing,"BASc 1991, University of Waterloo; MA 1993, PhD 1995, Princeton University"
F00167,"Masri, Wes (Wassim)",Wes (Wassim),Masri,Wes (Wassim) Masri,Professor,D00003,College of Engineering and Computing,"BE 1984, American University of Beirut; BS 1986, Case Western Reserve University; MS 1988, The Pennsylvania State University; PhD 2005, Case Western Reserve University"
F00168,"Mccue-Weil, Leigh",Leigh,Mccue-Weil,Leigh Mccue-Weil,Associate Professor,,College of Engineering and Computing,"BSE 2000, Princeton; MSE 2001, MSE 2002, PhD 2004, University of Michigan"
F00169,"McDonald, Nora",Nora,McDonald,Nora McDonald,Assistant Professor,D00005,College of Engineering and Computing,"BA 2004, Cornell University; PhD 2019, Drexel University"
F00170,"Miller-Hooks, Elise D.",Elise D.,Miller-Hooks,Elise D. Miller-Hooks,Professor and Bill and Eleanor Hazel Endowed Chair in Infrastructure Engineering,D00008,College of Engineering and Computing,"BS 1987, Lafayette College; MS 1994, PhD 1997, University of Texas at Austin"
F00171,"Mohebbi, Shima",Shima,Mohebbi,Shima Mohebbi,Assistant Professor,D00001,College of Engineering and Computing,"BSc 2007, University of Science and Technology, Mazandaran, Iran; MSc 2009, K.N. Toosi University of Technology, Tehran, Iran; MS 2015, PhD 2015, University of Tennessee"
F00172,"Moller Ferreira, Celso",Celso,Moller Ferreira,Celso Moller Ferreira,Professor,D00008,College of Engineering and Computing,"MS 2006, Universidade Federal de Santa Catarina; PhD 2012, Texas A&M University"
F00173,"Moran, Jeffrey",Jeffrey,Moran,Jeffrey Moran,Assistant Professor,D00006,College of Engineering and Computing,"BS 2007, MS 2011, Arizona State University; PhD 2013, University of Washington"
F00174,"Morsy, Mohamed",Mohamed,Morsy,Mohamed Morsy,"Associate Professor, Cybersecurity Engineering",,College of Engineering and Computing,"BS 1976, The MTC College, Egypt; MS 1983, The Assiut University, Egypt; DSc 1990, George Washington University"
F00175,"Motti, Vivian G.",Vivian G.,Motti,Vivian G. Motti,Associate Professor,D00005,College of Engineering and Computing,"BS 2006, MS 2009, University of Sao Paulo; PhD 2013, Catholic University of Louvain"
F00176,"Mughal, Hamza",Hamza,Mughal,Hamza Mughal,Instructor,D00003,College of Engineering and Computing,"BS 2018, MS 2020, George Mason University"
F00177,"Mulpuri, V.R.",V.R.,Mulpuri,V.R. Mulpuri,Professor,D00002,College of Engineering and Computing,"MS 1983, PhD 1985, Oregon State University"
F00178,"Negulescu, Radu",Radu,Negulescu,Radu Negulescu,Associate Professor,D00003,College of Engineering and Computing,"BSc 1991, University of Bucharest, Romania; MSc 1992, Georgia Institute of Technology; PhD 1998, University of Waterloo, Canada"
F00179,"Nelson, Jill Karen",Jill Karen,Nelson,Jill Karen Nelson,"Associate Dean, Undergraduate Programs and Associate Professor",D00002,College of Engineering and Computing,"BS 1998, Rice University; MS 2001, PhD 2005, University of Illinois, Urbana-Champaign"
F00180,"Nguyen, ThanhVu",ThanhVu,Nguyen,ThanhVu Nguyen,Associate Professor,D00003,College of Engineering and Computing,"BS 2003, MS 2006, Pennsylvania State University; PhD 2014, University of New Mexico"
F00181,"Lisa, Associate Director for Undergraduate Programs",Associate Director for Undergraduate Programs,Lisa,Associate Director for Undergraduate Programs Lisa,Civil,D00008,College of Engineering and Computing,"BA 1995, Hawaii Pacific University; MA 2008, George Mason University"
F00182,"Nowzari, Cameron",Cameron,Nowzari,Cameron Nowzari,Associate Professor,D00002,College of Engineering and Computing,"BS 2009, University of California, Santa Barbara; MS 2010, PhD 2013, University of California, San Diego"
F00183,"Osgood, Robert",Robert,Osgood,Robert Osgood,Professor,D00002,College of Engineering and Computing,"MS 1980, Wagner College; MS 2002, George Mason University"
F00184,"Otten, John",John,Otten,John Otten,Senior Instructor,D00003,College of Engineering and Computing,"BA 1983, The Ohio State University; MM 1985, Baylor University; MS 1992, College of William and Mary"
F00185,"Pachowicz, Peter W.",Peter W.,Pachowicz,Peter W. Pachowicz,Associate Professor,D00002,College of Engineering and Computing,"MS 1981, PhD 1984, Stanislaw Staszic University of Mining and Metallurgy"
F00186,"Pan, Jianli",Jianli,Pan,Jianli Pan,Associate Professor,D00005,College of Engineering and Computing,"BS 2001, Nanjing University of Posts and Telecom, China; MS 2004, Beijing University of Posts and Telecom, China; MS 2010, PhD 2014, Washington University in St"
F00187,"Paris, Bernd-Peter",Bernd-Peter,Paris,Bernd-Peter Paris,Associate Professor,D00002,College of Engineering and Computing,"Dipl-Ing 1986, Ruhr University, Germany; PhD 1990, Rice University"
F00188,"Parsa, Maryam",Maryam,Parsa,Maryam Parsa,Assistant Professor,D00002,College of Engineering and Computing,"BS 2008, K.N. Toosi University of Technology; MS 2013, University of Ottawa; MS 2015, PhD 2020, Purdue University"
F00189,"Pasiah, Kenneth",Kenneth,Pasiah,Kenneth Pasiah,Assistant Professor,D00007,College of Engineering and Computing,"BS 1996, MS 2009, University of Buea; PhD 2021, University of Memphis"
F00190,"Pastika, Michael",Michael,Pastika,Michael Pastika,"Research Technical Staff, Rapid Prototyping Research Center",,College of Engineering and Computing,"BS, Arizona State University; MA 1999, Webster University"
F00191,"Pathak, Parth",Parth,Pathak,Parth Pathak,Associate Professor,D00003,College of Engineering and Computing,"PhD 2012, North Carolina State University"
F00192,"Peixoto, Nathalia",Nathalia,Peixoto,Nathalia Peixoto,Associate Professor,D00002,College of Engineering and Computing,"BS 1996, MS 1997, Universidade Estadual de Campinas (UNICAMP), SP, Brazil; DSc 2001, Universidade de Sao Paulo (USP), SP Brazil"
F00193,"Pettit, Robert",Robert,Pettit,Robert Pettit,Professor of Practice,D00003,College of Engineering and Computing,"BS 1991, University of Evansville; MS 1995, PhD 2003, George Mason University"
F00194,"Popat, Ketul",Ketul,Popat,Ketul Popat,Chair and Professor,D00004,College of Engineering and Computing,"BS 1998, Maharaja Sayajirao University, Baroda, India; MEng 2000, Illinois Institute of Technology; PhD 2003, University of Illinois"
F00195,"Posatko, Jerome",Jerome,Posatko,Jerome Posatko,"Director of Finance and Operations, Rapid Prototyping Research Center",,College of Engineering and Computing,"BSME 1997, University of Delaware; MS 2001, University of Maryland, College Park; MBA 2003, University of Texas at Austin"
F00196,"Pseftis, Angelis",Angelis,Pseftis,Angelis Pseftis,"Senior Research Engineer, Rapid Prototyping Research Center",,College of Engineering and Computing,
F00197,"Pudukotai Dinakarrao, Sai Manoj",Sai Manoj,Pudukotai Dinakarrao,Sai Manoj Pudukotai Dinakarrao,Assistant Professor,D00002,College of Engineering and Computing,"BS 2010, Jawaharlal Nehru Technological University, Anantapur; MS 2012, International Institute of Information Technology Bangalore; PhD 2015, Nanyang Technological University"
F00198,"Purohit, Hemant",Hemant,Purohit,Hemant Purohit,Associate Professor,D00005,College of Engineering and Computing,"BTech 2009, The LNMIIT India; PhD 2015, Wright State University"
F00199,"Qiao, Wanli",Wanli,Qiao,Wanli Qiao,Associate Professor,D00007,College of Engineering and Computing,"BS 2007, Fudan University; PhD 2013, University of California, Davis"
F00200,"Rangwala, Huzefa",Huzefa,Rangwala,Huzefa Rangwala,Professor,D00003,College of Engineering and Computing,"BE 2003, Mumbai University; MS 2005, PhD 2008, University of Minnesota, Twin Cities"
F00201,"Raz, Ali",Ali,Raz,Ali Raz,Assistant Professor,D00001,College of Engineering and Computing,"BS 2005, MS 2009, Iowa State University; PhD 2016, Purdue University"
F00202,"Reep, Michael",Michael,Reep,Michael Reep,Associate Professor,D00003,College of Engineering and Computing,"BS 1985, Clarkson University; MS 1997, PhD 2018, George Mason University"
F00203,"Rezai, Pouya",Pouya,Rezai,Pouya Rezai,Associate Professor,D00006,College of Engineering and Computing,"MSc 2008, Chalmers University of Technology, Sweden, PhD 2012, McMaster University, Canada"
F00204,"Rezazad, Hadi",Hadi,Rezazad,Hadi Rezazad,Associate Professor,D00005,College of Engineering and Computing,"BS 1982, MS 1985, The American University; PhD 2009, George Mason University"
F00205,"Richards, Dana S.",Dana S.,Richards,Dana S. Richards,Associate Professor,D00003,College of Engineering and Computing,"MS 1976, University of Virginia; PhD 1984, University of Illinois"
F00206,"Rios, Nicholas",Nicholas,Rios,Nicholas Rios,Assistant Professor,D00007,College of Engineering and Computing,"BS 2014, University of Delaware; MS 2017, Montclair State University; PhD 2022, Pennsylvania State University"
F00207,"Roeting, William",William,Roeting,William Roeting,Research Professor,,College of Engineering and Computing,"BA 1971, Lock Haven University, MS 1986, Naval Postgraduate School, Monterey, CA"
F00208,"Rosenberger, William F.",William F.,Rosenberger,William F. Rosenberger,Professor,D00007,College of Engineering and Computing,"BA 1986, Towson State University; MPhil 1990, PhD 1992, George Washington University"
F00209,"Rosenblum, David",David,Rosenblum,David Rosenblum,Department Chair and Professor,D00003,College of Engineering and Computing,"BS 1982, MS 1983, North Texas State University; MS 1987, PhD 1988, Stanford University"
F00210,"Ross, Shani",Shani,Ross,Shani Ross,Associate Professor,D00004,College of Engineering and Computing,"BS 2004, Howard University; MS 2006, PhD 2013, University of Michigan"
F00211,"Russell, Katherine E.",Katherine E.,Russell,Katherine E. Russell,Associate Professor,D00003,College of Engineering and Computing,"BS 2007, University of Maryland University College; MS 2011, George Mason University"
F00212,"Rytikova, Ioulia",Ioulia,Rytikova,Ioulia Rytikova,Professor and Assistant Chair for Graduate Studies,D00005,College of Engineering and Computing,"BS 1993, MS 1993, PhD 1997, Technological University, Moscow, Russia"
F00213,"Safikhani, Abolfazl",Abolfazl,Safikhani,Abolfazl Safikhani,Assistant Professor,D00007,College of Engineering and Computing,"BS 2008, MS 2010, Sharif University of Technology, Iran; PhD 2015, Michigan State University"
F00214,"Salem, Sam",Sam,Salem,Sam Salem,Professor,D00008,College of Engineering and Computing,"BS 1988, MS 1992, Clemson University; PhD 1988, University of Alberta"
F00215,"Sanders, Quentin",Quentin,Sanders,Quentin Sanders,Assistant Professor,D00004,College of Engineering and Computing,"BS 2015, University of Maryland; MS 2018, PhD 2020, University of California, Irvine"
F00216,"Sanghera, Kamaljeet",Kamaljeet,Sanghera,Kamaljeet Sanghera,"Executive Director, Tech Talent Development and Global Engagement and Professor, Information Sciences Technology",,College of Engineering and Computing,"BA 1996, Delhi University; MS 2001, George Mason University; PhD 2009, Capella University"
F00217,"Research Engineer, Rapid Prototyping Research Center",Rapid Prototyping Research Center,Research Engineer,Rapid Prototyping Research Center Research Engineer,,,College of Engineering and Computing,
F00218,"Schmidt, Bernard",Bernard,Schmidt,Bernard Schmidt,"Instructor and Assistant Program Director, MS Data Analytics Engineering Program",,College of Engineering and Computing,"BS 1985, MS 2011, MS 2017, George Mason University"
F00219,"Setia, SanjeevProfessor",SanjeevProfessor,Setia,SanjeevProfessor Setia,Computer Science,D00003,College of Engineering and Computing,"MSc 1987, Birla Institute of Technology and Science (Pilani); MS 1990, PhD 1993, University of Maryland"
F00220,"Shamseddine, Maha",Maha,Shamseddine,Maha Shamseddine,Assistant Professor,D00003,College of Engineering and Computing,"BE 2001, Beirut Arab University, Lebanon; MS 2003, PhD 2018, American University of Beirut, Lebanon"
F00221,"Shehu, Amarda",Amarda,Shehu,Amarda Shehu,Associate Vice President of Research for IDIA,,Associate Dean for Artificial Intelligence Innovation for College of Engineering and Computing,"BS 2002, Clarkson University; MS 2005, PhD 2008, Rice University"
F00222,"Sherry, Lance",Lance,Sherry,Lance Sherry,Associate Professor,D00001,College of Engineering and Computing,"BS 1983, Brown University; MS 1995, PhD 1999, Arizona State University"
F00223,"Shishika, Daigo",Daigo,Shishika,Daigo Shishika,Assistant Professor,D00006,College of Engineering and Computing,"BS 2021, University of Tokyo, Japan; MS 2015, PhD 2017, University of Maryland"
F00224,"Shortle, John F.",John F.,Shortle,John F. Shortle,Chair and Professor,D00001,College of Engineering and Computing,"BS 1992, Harvey Mudd College; MS 1993, PhD 1996, University of California, Berkeley"
F00225,"Shuman, Gene",Gene,Shuman,Gene Shuman,Associate Professor,D00005,College of Engineering and Computing,"BS 1975, Pennsylvania State University; MS 1981, University of Maryland; PhD 2016, George Mason University"
F00226,"Sikdar, Siddhartha",Siddhartha,Sikdar,Siddhartha Sikdar,Professor,D00004,College of Engineering and Computing,"BTEE 1997, Indian Institute of Technology; MS 2001, PhD 2005, University of Washington"
F00227,"Singh, Gurdip",Gurdip,Singh,Gurdip Singh,"Divisional Dean, School of Computing",,College of Engineering and Computing,"BS 1986, Indian Institute of Technology; MS 1989, PhD 1991, State University of New York at Stony Brook"
F00228,"Skorzawski-Ross, Jennifer L.",Jennifer L.,Skorzawski-Ross,Jennifer L. Skorzawski-Ross,"Interim Associate Dean for Graduate Programs, Graduate Academic Affairs",,College of Engineering and Computing,"BA 2006, MSEd 2011, Hofstra University"
F00229,"Snyder, Mark H.",Mark H.,Snyder,Mark H. Snyder,Professor,D00003,College of Engineering and Computing,"BS2004, The University of North Carolina at Chapel Hill; MS2007, PhD 2011, The University of Kansas"
F00230,"Sofer, Ariela",Ariela,Sofer,Ariela Sofer,Divisional Dean and Professor,,College of Engineering and Computing,"BS 1972, MS 1979, Technion, Israel Institute of Technology; DSc 1984, George Washington University"
F00231,"Sokolov, Vadim O.",Vadim O.,Sokolov,Vadim O. Sokolov,Associate Professor in Systems Engineering and Operations Research,D00001,College of Engineering and Computing,"Diploma 2004, Rostov State University; MS 2005, PhD 2008, Northern Illinois University"
F00232,"Soundararajan, Shvetha",Shvetha,Soundararajan,Shvetha Soundararajan,Associate Professor,D00003,College of Engineering and Computing,"BE 2006, Anna University, India; MS 2008, PhD 2013, Virginia Polytechnic Institute and State University"
F00233,"Soyata, Tolga",Tolga,Soyata,Tolga Soyata,Professor,D00002,College of Engineering and Computing,"BS 1988, Istanbul Technical University; MS 1992, Johns Hopkins University; PhD 2000, University of Rochester"
F00234,"Stein, Gregory",Gregory,Stein,Gregory Stein,Assistant Professor,D00003,College of Engineering and Computing,"BS 2013, Cornell University; SM 2015, PhD 2020, Massachusetts Institute of Technology"
F00235,"Stufken, John",John,Stufken,John Stufken,Professor,D00007,College of Engineering and Computing,"BS 1979, MS 1982, University of Nijmegen, The Netherlands; PhD 1986, University of Illinois at Chicago"
F00236,"Sun, Jiayang",Jiayang,Sun,Jiayang Sun,"Bernard Dunn Eminent Scholar, Chair",D00007,College of Engineering and Computing,"BS 1982, Anhui University; MS 1985, Peking University; PhD 1989, Stanford University"
F00237,"Sun, Kun",Kun,Sun,Kun Sun,Professor,D00005,College of Engineering and Computing,"BS 1997, ME 2000, Nankai University; PhD 2006, North Carolina State University"
F00238,"Tanyu, Burak",Burak,Tanyu,Burak Tanyu,"F., Associate Professor",D00008,College of Engineering and Computing,"BS 1996, Dokuz Eylul University, Izmir, Turkey; MS 1999, University of Texas at Arlington; PhD 2003, University of Wisconsin-Madison"
F00239,"Tecuatl Tolama, Carolina",Carolina,Tecuatl Tolama,Carolina Tecuatl Tolama,"Senior Research Scientist, The Center for Neural Informatics, Neural Structures, and Neural Plasticity (CN3)",,College of Engineering and Computing,"BS 2010, MS 2013, Benemerita Universidad Autonoma de Puebla, Mexico; PhD 2018, CINVESTAV Sede Sur, Mexico"
F00240,"Tecuci, Gheorghe",Gheorghe,Tecuci,Gheorghe Tecuci,Professor,D00003,College of Engineering and Computing,"MS 1979, PhD 1988, Polytechnic Institute of Bucharest, Romania; PhD 1988, University of Paris South, Orsay, France"
F00241,"Terpenny, Janis",Janis,Terpenny,Janis Terpenny,Professor,D00001,College of Engineering and Computing,
F00242,"Thomas, Joshlyn",Joshlyn,Thomas,Joshlyn Thomas,Associate Director of Development,,College of Engineering and Computing,"BA 2014, University of South Carolina; MA 2017, University of Central Florida; PhD 2022, Florida State University"
F00243,"Tian, Kuo",Kuo,Tian,Kuo Tian,Assistant Professor,D00008,College of Engineering and Computing,"BE 2010, Huazhong University of Sci. & Tech, China; MS 2012, PhD 2015, University of Wisconsin-Madison"
F00244,"Tian, Zhi",Zhi,Tian,Zhi Tian,Professor,D00002,College of Engineering and Computing,"BE 1994, University of Science and Technology of China; MS 1995, Tsinghua University; MS 1997, PhD 2000, George Mason University"
F00245,"Torabi, Sadegh",Sadegh,Torabi,Sadegh Torabi,Assistant Professor,D00005,College of Engineering and Computing,"BS 2005, MS 2009, Kuwait University; MS 2016, University of British Columbia; PhD 2021, Concordia University, Quebec"
F00246,"Urgessa, Girum",Girum,Urgessa,Girum Urgessa,Professor,D00008,College of Engineering and Computing,"BSc 2000, Addis Ababa University, Ethiopia; MSc 2002, PhD 2006, University of New Mexico"
F00247,"Uzuner, Ozlem",Ozlem,Uzuner,Ozlem Uzuner,Chair andProfessor,D00005,College of Engineering and Computing,"BS 1998, MS 1998, PhD 2005, Massachusetts Institute of Technology"
F00248,"Veneziano, Remi",Remi,Veneziano,Remi Veneziano,Associate Professor,D00004,College of Engineering and Computing,"PhD 2013, Montpelier University"
F00249,"Venigalla, Mohan M.",Mohan M.,Venigalla,Mohan M. Venigalla,Professor,D00008,College of Engineering and Computing,"BTech 1985, Sri Venkateswara University; MS 1988, Indian Institute of Technology, Chennai; MS 1990, PhD 1994, University of Tennessee, Knoxville"
F00250,"Vidyashankar, Anand",Anand,Vidyashankar,Anand Vidyashankar,Professor,D00007,College of Engineering and Computing,"B.Sc 1983, M.Sc 1985, University of Madras; PhD 1994, Iowa State University"
F00251,"Veiga, Filipe",Filipe,Veiga,Filipe Veiga,Assistant Professor,D00002,College of Engineering and Computing,"BS 2008, MS 2012, Instituto Superior Tecnico, Portugal; PhD 2018, Technical University Darmstadt, Germany"
F00252,"Wage, Kathleen E.",Kathleen E.,Wage,Kathleen E. Wage,Professor,D00002,College of Engineering and Computing,"BS 1990, University of Tennessee, Knoxville; SM 1994, EE 1996, PhD 2000, Massachusetts Institute of Technology/Wood Hole Oceanographic Institution"
F00253,"Wang, Lily",Lily,Wang,Lily Wang,Professor,D00007,College of Engineering and Computing,"BE 2000, MS 2003, Tongji University; MS, PhD 2007, Michigan State University"
F00254,"Wang, Xinyuan (Frank)",Xinyuan (Frank),Wang,Xinyuan (Frank) Wang,Associate Professor,D00003,College of Engineering and Computing,"BS 1987, Peking University; MS 1990, Chinese Academy of Space Technology; PhD 2004, North Carolina State University"
F00255,"Wang, Xuan",Xuan,Wang,Xuan Wang,Assistant Professor,D00002,College of Engineering and Computing,"BEng 2014, MS 2016, Harbin Institute of Technology; PhD 2020, Purdue University"
F00256,"Diana, Professor",Professor,Diana,Professor Diana,Information Sciences and Technology,D00005,College of Engineering and Computing,"MS 2002, PhD 2006, University of Maryland, Baltimore County"
F00257,"Wang, Zhengdao",Zhengdao,Wang,Zhengdao Wang,"Professor, Cybersecurity Engineering",,College of Engineering and Computing,
F00258,"Ware, DaFran M.",DaFran M.,Ware,DaFran M. Ware,"Coordinator, Undergraduate Academic Advising",,College of Engineering and Computing,"BS 2002, MS 2007, George Mason University"
F00259,"Wei, Mingkui",Mingkui,Wei,Mingkui Wei,"Associate Professor, Cyber Security and Engineering",,College of Engineering and Computing,"BS 2005, Nanjiang University of Science and Technology, China; MS 2008, Southeast University; PhD 2016, North Carolina"
F00260,"Wei, Qi",Qi,Wei,Qi Wei,Associate Professor,D00004,College of Engineering and Computing,"BE 2001, Beijing Institute of Technology; MS 2004 University of British Columbia; PhD 2010 Rutgers University"
F00261,"White, Charles",Charles,White,Charles White,Associate Professor,D00006,College of Engineering and Computing,"BS 1980, MS 1982, PhD 1988, Massachusetts Institute of Technology"
F00262,"White, Elizabeth L.",Elizabeth L.,White,Elizabeth L. White,Associate Professor,D00003,College of Engineering and Computing,"BS 1985, MS 1986, College of William and Mary; PhD 1994, University of Maryland"
F00263,"Wijesekera, Duminda",Duminda,Wijesekera,Duminda Wijesekera,Professor,D00003,College of Engineering and Computing,"BSc 1981, University of Colombo; MS 1989, PhD 1990, Cornell University; MS 1995, PhD 1997, University of Minnesota"
F00264,"Wilcox, Christi",Christi,Wilcox,Christi Wilcox,"Director of Programming and Research, Office of Outreach, Student Success, and Engagement",,College of Engineering and Computing,"BS 2004, The University of Sussex; MBA 2008, The University of the West Indies; MFA 2014, Syracuse University"
F00265,"Witt, Karen",Karen,Witt,Karen Witt,Director of Human Resources,,College of Engineering and Computing,"BA 1986, University of Chicago; MBA 2003, American University"
F00266,"Woitek, Kirsten",Kirsten,Woitek,Kirsten Woitek,"Director of Development, Individual Giving",,College of Engineering and Computing,"BS 1992, Babson College; MA 1999, Georgetown University; MA 2014, George Mason University"
F00267,"Wu, Nan",Nan,Wu,Nan Wu,Software Engineer,D00003,College of Engineering and Computing,"MS 2020, George Washington University; PhD 2024, George Mason University"
F00268,"Xiao, Xuesu",Xuesu,Xiao,Xuesu Xiao,Assistant Professor,D00003,College of Engineering and Computing,"BS 2013, Tongji University, China; BS 2013, FH Aachen University of Applied Sciences, Germany; MS 2015, Carnegie Melon University; PhD 2019, Texas A&M University"
F00269,"Xu, Jie",Jie,Xu,Jie Xu,Professor,D00001,College of Engineering and Computing,"BS 1999, Nanjing University; ME 2002, Shanghai Jiaotong University; MS 2004, State University of New York at Buffalo; PhD 2009, Northwestern University"
F00270,"Yan, Binqian",Binqian,Yan,Binqian Yan,Assistant Professor,D00003,College of Engineering and Computing,"BS 2017, China University of Petroleum; MS 2018, University of Pittsburgh; PhD 2022, University of Texas at Arlington"
F00271,"Yan, Zhisheng",Zhisheng,Yan,Zhisheng Yan,Associate Professor,D00005,College of Engineering and Computing,"BE 2010, Shandong University; ME 2013, University of Science and Technology of China; PhD 2017, State University of New York at Buffalo"
F00272,"Yang, Lei",Lei,Yang,Lei Yang,Assistant Professor,D00005,College of Engineering and Computing,"BS 2013, PhD 2019, Chongqing University, China; PhD 2019, University of California, Irvine"
F00273,"Yang, Lishan",Lishan,Yang,Lishan Yang,Assistant Professor,D00003,College of Engineering and Computing,"BE 2016, University of Science and Technology of China; PhD 2022, William and Mary"
F00274,"Yao, Ningshi",Ningshi,Yao,Ningshi Yao,Assistant Professor,D00002,College of Engineering and Computing,"BEng 2014, Zhejiang University; MS 2019, PhD 2020, Georgia Institute of Technology"
F00275,"Yao, Shuochao",Shuochao,Yao,Shuochao Yao,Assistant Professor,D00003,College of Engineering and Computing,"BS 2014, Shanghai Jiao Tong University; PhD 2018, University of Illinois at Urbana-Champaign"
F00276,"Yao, Ziyu",Ziyu,Yao,Ziyu Yao,Assistant Professor,D00003,College of Engineering and Computing,"BE 2015, Beijing University of Posts and Telecommunications; MS 2016, PhD 2021, The Ohio State University"
F00277,"Ye, Jinwei",Jinwei,Ye,Jinwei Ye,Associate Professor,D00003,College of Engineering and Computing,"BEng 2009, Huazhong University of Science and Technology; PhD 2014, University of Delaware"
F00278,"Yu, Bo",Bo,Yu,Bo Yu,"Research Assistant Professor, Center of Excellence in Command, Control, Communications, Computing, Intelligence and Cyber",,College of Engineering and Computing,"BS 1999, Beijing University of Aeronautics and Astronautics, Beijing, China; MS 2007, PhD 2014, George Mason University"
F00279,"Yu, Fang-Yi",Fang-Yi,Yu,Fang-Yi Yu,Assistant Professor,D00003,College of Engineering and Computing,"BS 2013, National Taiwan University; PhD 2019, University of Michigan"
F00280,"Yu, Lap-Fai",Lap-Fai,Yu,Lap-Fai Yu,Associate Professor of Computer Science,D00003,College of Engineering and Computing,"BEng 2007, MPhil 2009, Hong Kong University of Science and Technology; PhD 2013, University of California, Los Angeles"
F00281,"Zaidi, Khadija",Khadija,Zaidi,Khadija Zaidi,Assistant Professor,D00004,College of Engineering and Computing,"PhD 2023, George Mason University"
F00282,"Zaidi, Syed Abbas",Syed Abbas,Zaidi,Syed Abbas Zaidi,"K., Professor",D00001,College of Engineering and Computing,"BE 1989, NED University of Engineering and Technology; MS 1991, PhD 1995, George Mason University"
F00283,"Zampieri, Marcos",Marcos,Zampieri,Marcos Zampieri,Assistant Professor,D00005,College of Engineering and Computing,"BS 2005, Ibero- American University, Brazil; MS 2010, University of Wolverhampton, United Kingdom; PhD 2016, Saarland University, Germany; PhD 2022, University of Hamberg, Germany"
F00284,"Zeng, Kai",Kai,Zeng,Kai Zeng,Professor,D00002,College of Engineering and Computing,"BS 2001, MS 2004, Huazhong University of Science and Technology; PhD 2008, Worcester Polytechnic Institute"
F00285,"Zeng, Qiang",Qiang,Zeng,Qiang Zeng,Associate Professor,D00003,College of Engineering and Computing,"BE 2005, ME 2008, Beihang University, China; PhD 2014, Penn State University"
F00286,"Zhang, Xiaokuan",Xiaokuan,Zhang,Xiaokuan Zhang,Assistant Professor,D00003,College of Engineering and Computing,"BS 2015, Shanghai Jiao Tong University, China; PhD 2021, Ohio University"
F00287,"Zhang, Xijin",Xijin,Zhang,Xijin Zhang,"Assistant Professor, Sid and Reva Dewberry Department of Civil, Environmental and Infrastructure Engineering",,College of Engineering and Computing,"BS 2014, MS 2017, Hebei University of Technology, China; PhD 2022, Case Western Reserve University"
F00288,"Zhong, Yutao",Yutao,Zhong,Yutao Zhong,Associate Professor,D00003,College of Engineering and Computing,"BS 1997, ME 2000, Nanjing University (China); MS 2002, PhD 2005, University of Rochester"
F00289,"Zhou, Keren",Keren,Zhou,Keren Zhou,Assistant Professor,D00003,College of Engineering and Computing,"BS 2014, Yunnan University, China; MS 2017, Chinese Academy of Sciences; PhD 2022, Rice University"
F00290,"Zhu, Zhuangdi",Zhuangdi,Zhu,Zhuangdi Zhu,"Assistant Professor, Cyber Security Engineering",,College of Engineering and Computing,"BS 2015, Nanjing University of Science and Technology, China, PhD 2022, Michigan State University"
F00291,"Zia, Hilah",Hilah,Zia,Hilah Zia,Director of Research Administration,,College of Engineering and Computing,"MPA 2013, West Virginia University"